,FN,FP,TN,TP,Matthews Correlation Coefficient
iJL1678b_essentiality,109,84,276,1070,0.6589820357975528
iOL1650_essentiality,87,119,241,1092,0.6157331882087161
